{"cameraMode":{"drawMode":0,"name":"Shaded","section":"Shading Mode"},"sceneLighting":false,"audioPlay":false,"sceneViewState":{"m_AlwaysRefresh":false,"showFog":true,"showSkybox":false,"showFlares":true,"showImageEffects":true,"showParticleSystems":true,"showVisualEffectGraphs":true,"m_FxEnabled":true},"in2DMode":false,"pivot":{"x":-0.7471256256103516,"y":-0.26106584072113039,"z":-0.0000010728836059570313},"rotation":{"x":0.15208609402179719,"y":-0.6836094856262207,"z":0.14892534911632539,"w":0.6981182098388672},"size":5.495208263397217,"orthographic":false}